<?xml version="1.0" encoding="UTF-8" standalone="no"?>
<synergyConfiguration version="4">
  <generalSettings>
    <option key="#Board#" value="board.s7g2_sk"/>
    <option key="CPU" value="S7G2"/>
    <option key="#TargetName#" value="R7FS7G27H3A01CFC"/>
    <option key="#TargetARCHITECTURE#" value="cortex-m4"/>
    <option key="#RTOS#" value="Express Logic ThreadX"/>
    <option key="#pinconfiguration#" value="S7G2-SK.pincfg"/>
    <option key="#SSPVersion#" value="2.2.0"/>
    <option key="#DefaultLinkerScript#" value="r7fs7g27h3a01cfc.ld"/>
    <option key="#ConfigurationFragments#" value="Renesas##BSP##Board##s7g2_sk##"/>
    <option key="#SELECTED_TOOLCHAIN#" value="gcc-arm-embedded"/>
  </generalSettings>
  <synergyBspConfiguration>
    <config id="config.bsp.s7g2.R7FS7G27H3A01CFC">
      <property id="config.bsp.part_number" value="config.bsp.part_number.value"/>
      <property id="config.bsp.rom_size_bytes" value="config.bsp.rom_size_bytes.value"/>
      <property id="config.bsp.ram_size_bytes" value="config.bsp.ram_size_bytes.value"/>
      <property id="config.bsp.data_flash_size_bytes" value="config.bsp.data_flash_size_bytes.value"/>
      <property id="config.bsp.package_style" value="config.bsp.package_style.value"/>
      <property id="config.bsp.package_pins" value="config.bsp.package_pins.value"/>
    </config>
    <config id="config.bsp.s7g2">
      <property id="config.bsp.series" value="config.bsp.series.value"/>
    </config>
    <config id="config.bsp.s7g2.ssp">
      <property id="config.bsp.s7g2.ssp.OFS0" value="config.bsp.s7g2.ssp.OFS0_Register.default"/>
      <property id="config.bsp.s7g2.ssp.OFS0.iwdt_start_mode" value="config.bsp.s7g2.ssp.OFS0.iwdt_start_mode.disabled"/>
      <property id="config.bsp.s7g2.ssp.OFS0.iwdt_timeout" value="config.bsp.s7g2.ssp.OFS0.iwdt_timeout.2048"/>
      <property id="config.bsp.s7g2.ssp.OFS0.iwdt_divisor" value="config.bsp.s7g2.ssp.OFS0.iwdt_divisor.128"/>
      <property id="config.bsp.s7g2.ssp.OFS0.iwdt_window_end" value="config.bsp.s7g2.ssp.OFS0.iwdt_window_end.0"/>
      <property id="config.bsp.s7g2.ssp.OFS0.iwdt_window_start" value="config.bsp.s7g2.ssp.OFS0.iwdt_window_start.100"/>
      <property id="config.bsp.s7g2.ssp.OFS0.iwdt_reset_interrupt" value="config.bsp.s7g2.ssp.OFS0.iwdt_reset_interrupt.Reset"/>
      <property id="config.bsp.s7g2.ssp.OFS0.iwdt_stop_control" value="config.bsp.s7g2.ssp.OFS0.iwdt_stop_control.stops"/>
      <property id="config.bsp.s7g2.ssp.OFS0.wdt_start_mode" value="config.bsp.s7g2.ssp.OFS0.wdt_start_mode.register"/>
      <property id="config.bsp.s7g2.ssp.OFS0.wdt_timeout" value="config.bsp.s7g2.ssp.OFS0.wdt_timeout.16384"/>
      <property id="config.bsp.s7g2.ssp.OFS0.wdt_divisor" value="config.bsp.s7g2.ssp.OFS0.wdt_divisor.128"/>
      <property id="config.bsp.s7g2.ssp.OFS0.wdt_window_end" value="config.bsp.s7g2.ssp.OFS0.wdt_window_end.0"/>
      <property id="config.bsp.s7g2.ssp.OFS0.wdt_window_start" value="config.bsp.s7g2.ssp.OFS0.wdt_window_start.100"/>
      <property id="config.bsp.s7g2.ssp.OFS0.wdt_reset_interrupt" value="config.bsp.s7g2.ssp.OFS0.wdt_reset_interrupt.Reset"/>
      <property id="config.bsp.s7g2.ssp.OFS0.wdt_stop_control" value="config.bsp.s7g2.ssp.OFS0.wdt_stop_control.stops"/>
      <property id="config.bsp.s7g2.ssp.OFS1" value="config.bsp.s7g2.ssp.OFS1_Register.default"/>
      <property id="config.bsp.s7g2.ssp.OFS1.voltage_detection0.start" value="config.bsp.s7g2.ssp.OFS1.voltage_detection0.start.disabled"/>
      <property id="config.bsp.s7g2.ssp.OFS1.voltage_detection0_level" value="config.bsp.s7g2.ssp.OFS1.voltage_detection0_level.280"/>
      <property id="config.bsp.s7g2.ssp.OFS1.hoco_osc" value="config.bsp.s7g2.ssp.OFS1.hoco_osc.disabled"/>
      <property id="config.bsp.ssp.mcu.adc.max_freq_hz" value="60000000"/>
    </config>
    <config id="config.bsp.synergy">
      <property id="config.bsp.common.main" value="0x800"/>
      <property id="config.bsp.common.process" value="0"/>
      <property id="config.bsp.common.heap" value="0x1000"/>
      <property id="config.bsp.common.vcc" value="3300"/>
      <property id="config.bsp.common.avcc0" value="3300"/>
      <property id="config.bsp.common.checking" value="config.bsp.common.checking.enabled"/>
      <property id="config.bsp.common.assert" value="config.bsp.common.assert.none"/>
      <property id="config.bsp.common.error_log" value="config.bsp.common.error_log.none"/>
      <property id="config.bsp.common.id_mode" value="config.bsp.common.id_mode.unlocked"/>
      <property id="config.bsp.common.id_code" value="FFFFFFFFFFFFFFFFFFFFFFFFFFFFFFFF"/>
      <property id="config.bsp.common.id1" value=""/>
      <property id="config.bsp.common.id2" value=""/>
      <property id="config.bsp.common.id3" value=""/>
      <property id="config.bsp.common.id4" value=""/>
      <property id="config.bsp.common.id_fixed" value=""/>
    </config>
  </synergyBspConfiguration>
  <synergyClockConfiguration>
    <node id="board.clock.xtal.freq" mul="24000000" option="_edit"/>
    <node id="board.clock.usbmclk.freq" option="board.clock.usbmclk.freq"/>
    <node id="board.clock.pll.source" option="board.clock.pll.source.xtal"/>
    <node id="board.clock.hoco.freq" option="board.clock.hoco.freq.20m"/>
    <node id="board.clock.loco.freq" option="board.clock.loco.freq.32768"/>
    <node id="board.clock.moco.freq" option="board.clock.moco.freq.8m"/>
    <node id="board.clock.subclk.freq" option="board.clock.subclk.freq.32768"/>
    <node id="board.clock.pll.div" option="board.clock.pll.div.2"/>
    <node id="board.clock.pll.mul" option="board.clock.pll.mul.200"/>
    <node id="board.clock.pll.display" option="board.clock.pll.display.value"/>
    <node id="board.clock.clock.source" option="board.clock.clock.source.pll"/>
    <node id="board.clock.iclk.div" option="board.clock.iclk.div.1"/>
    <node id="board.clock.iclk.display" option="board.clock.iclk.display.value"/>
    <node id="board.clock.pclka.div" option="board.clock.pclka.div.2"/>
    <node id="board.clock.pclka.display" option="board.clock.pclka.display.value"/>
    <node id="board.clock.pclkb.div" option="board.clock.pclkb.div.4"/>
    <node id="board.clock.pclkb.display" option="board.clock.pclkb.display.value"/>
    <node id="board.clock.pclkc.div" option="board.clock.pclkc.div.4"/>
    <node id="board.clock.pclkc.display" option="board.clock.pclkc.display.value"/>
    <node id="board.clock.pclkd.div" option="board.clock.pclkd.div.2"/>
    <node id="board.clock.pclkd.display" option="board.clock.pclkd.display.value"/>
    <node id="board.clock.sdclkout.div" option="board.clock.sdclkout.div.1"/>
    <node id="board.clock.sdclkout.display" option="board.clock.sdclkout.display.value"/>
    <node id="board.clock.bclk.div" option="board.clock.bclk.div.2"/>
    <node id="board.clock.bclk.display" option="board.clock.bclk.display.value"/>
    <node id="board.clock.bclkout.div" option="board.clock.bclkout.div.2"/>
    <node id="board.clock.bclkout.display" option="board.clock.bclkout.display.value"/>
    <node id="board.clock.uclk.div" option="board.clock.uclk.div.5"/>
    <node id="board.clock.uclk.display" option="board.clock.uclk.display.value"/>
    <node id="board.clock.fclk.div" option="board.clock.fclk.div.4"/>
    <node id="board.clock.fclk.display" option="board.clock.fclk.display.value"/>
  </synergyClockConfiguration>
  <synergyComponentSelection>
    <component apiversion="" class="Common" condition="" group="all" subgroup="ssp_common" variant="" vendor="Renesas" version="2.2.0">
      <description>SSP Common Code</description>
      <originalPack>Renesas.Synergy.2.2.0.pack</originalPack>
    </component>
    <component apiversion="" class="HAL Drivers" condition="" group="all" subgroup="r_cgc" variant="" vendor="Renesas" version="2.2.0">
      <description>Clock Generation Circuit: Provides=[CGC]</description>
      <originalPack>Renesas.Synergy.2.2.0.pack</originalPack>
    </component>
    <component apiversion="" class="HAL Drivers" condition="" group="all" subgroup="r_elc" variant="" vendor="Renesas" version="2.2.0">
      <description>Event Link Controller: Provides=[ELC]</description>
      <originalPack>Renesas.Synergy.2.2.0.pack</originalPack>
    </component>
    <component apiversion="" class="HAL Drivers" condition="" group="all" subgroup="r_fmi" variant="" vendor="Renesas" version="2.2.0">
      <description>Factory MCU Information Module: Provides=[FMI]</description>
      <originalPack>Renesas.Synergy.2.2.0.pack</originalPack>
    </component>
    <component apiversion="" class="HAL Drivers" condition="" group="all" subgroup="r_ioport" variant="" vendor="Renesas" version="2.2.0">
      <description>I/O Port: Provides=[IO Port]</description>
      <originalPack>Renesas.Synergy.2.2.0.pack</originalPack>
    </component>
    <component apiversion="" class="BSP" condition="" group="Board" subgroup="s7g2_sk" variant="" vendor="Renesas" version="2.2.0">
      <description>S7G2_SK Board Support Files</description>
      <originalPack>Renesas.Synergy_board_s7g2_sk.2.2.0.pack</originalPack>
    </component>
    <component apiversion="" class="BSP" condition="" group="s7g2" subgroup="device" variant="R7FS7G27H3A01CFC" vendor="Renesas" version="2.2.0">
      <description>Board support package for R7FS7G27H3A01CFC</description>
      <originalPack>Renesas.Synergy_mcu_s7g2.2.2.0.pack</originalPack>
    </component>
    <component apiversion="" class="BSP" condition="" group="s7g2" subgroup="device" variant="" vendor="Renesas" version="2.2.0">
      <description>Board support package for S7G2</description>
      <originalPack>Renesas.Synergy_mcu_s7g2.2.2.0.pack</originalPack>
    </component>
    <component apiversion="" class="BSP" condition="" group="s7g2" subgroup="ssp" variant="" vendor="Renesas" version="2.2.0">
      <description>Board support package for S7G2</description>
      <originalPack>Renesas.Synergy_mcu_s7g2.2.2.0.pack</originalPack>
    </component>
    <component apiversion="" class="Framework Services" condition="" group="all" subgroup="sf_el_gx" variant="" vendor="Renesas" version="2.2.0">
      <description>SF_EL_GX GUIX Adaptation Framework: Provides=[SSP GUIX Adaptation Framework] , Requires=[ThreadX ,GUIX]</description>
      <originalPack>Renesas.Synergy.2.2.0.pack</originalPack>
    </component>
    <component apiversion="" class="Framework Services" condition="" group="all" subgroup="sf_external_irq" variant="" vendor="Renesas" version="2.2.0">
      <description>Framework External IRQ: Provides=[Framework External IRQ] , Requires=[External IRQ ,ThreadX]</description>
      <originalPack>Renesas.Synergy.2.2.0.pack</originalPack>
    </component>
    <component apiversion="" class="Framework Services" condition="" group="all" subgroup="sf_i2c" variant="" vendor="Renesas" version="2.2.0">
      <description>Framework I2C: Provides=[Framework I2C] , Requires=[ThreadX ,I2C]</description>
      <originalPack>Renesas.Synergy.2.2.0.pack</originalPack>
    </component>
    <component apiversion="" class="Framework Services" condition="" group="all" subgroup="sf_jpeg_decode" variant="" vendor="Renesas" version="2.2.0">
      <description>Framework JPEG Decode: Provides=[SF JPEG Decode] , Requires=[ThreadX ,JPEG Decode]</description>
      <originalPack>Renesas.Synergy.2.2.0.pack</originalPack>
    </component>
    <component apiversion="" class="Framework Services" condition="" group="all" subgroup="sf_tes_2d_drw" variant="" vendor="Renesas" version="2.2.0">
      <description>TES D/AVE 2D Port: Provides=[D/AVE 2D Port] , Requires=[ThreadX ,D/AVE 2D]</description>
      <originalPack>Renesas.Synergy.2.2.0.pack</originalPack>
    </component>
    <component apiversion="" class="Framework Services" condition="" group="all" subgroup="sf_touch_panel_v2" variant="" vendor="Renesas" version="2.2.0">
      <description>Framework Touch Panel: Provides=[Framework Touch Panel] , Requires=[ThreadX ,Framework I2C ,Framework External IRQ]</description>
      <originalPack>Renesas.Synergy.2.2.0.pack</originalPack>
    </component>
    <component apiversion="" class="TES" condition="" group="all" subgroup="dave2d" variant="" vendor="Renesas" version="2.2.0">
      <description>TES D/AVE 2D: Provides=[D/AVE 2D]</description>
      <originalPack>Renesas.Synergy.2.2.0.pack</originalPack>
    </component>
    <component apiversion="" class="HAL Drivers" condition="" group="all" subgroup="r_dtc" variant="" vendor="Renesas" version="2.2.0">
      <description>Data Transfer Controller: Provides=[Transfer]</description>
      <originalPack>Renesas.Synergy.2.2.0.pack</originalPack>
    </component>
    <component apiversion="" class="HAL Drivers" condition="" group="all" subgroup="r_glcd" variant="" vendor="Renesas" version="2.2.0">
      <description>Graphics LCD: Provides=[Display]</description>
      <originalPack>Renesas.Synergy.2.2.0.pack</originalPack>
    </component>
    <component apiversion="" class="HAL Drivers" condition="" group="all" subgroup="r_icu" variant="" vendor="Renesas" version="2.2.0">
      <description>External IRQ: Provides=[External IRQ]</description>
      <originalPack>Renesas.Synergy.2.2.0.pack</originalPack>
    </component>
    <component apiversion="" class="HAL Drivers" condition="" group="all" subgroup="r_jpeg_common" variant="" vendor="Renesas" version="2.2.0">
      <description>JPEG Common</description>
      <originalPack>Renesas.Synergy.2.2.0.pack</originalPack>
    </component>
    <component apiversion="" class="HAL Drivers" condition="" group="all" subgroup="r_jpeg_decode" variant="" vendor="Renesas" version="2.2.0">
      <description>JPEG Decode: Provides=[JPEG Decode]</description>
      <originalPack>Renesas.Synergy.2.2.0.pack</originalPack>
    </component>
    <component apiversion="" class="HAL Drivers" condition="" group="all" subgroup="r_riic" variant="" vendor="Renesas" version="2.2.0">
      <description>RIIC: Provides=[I2C Master]</description>
      <originalPack>Renesas.Synergy.2.2.0.pack</originalPack>
    </component>
    <component apiversion="" class="HAL Drivers" condition="" group="all" subgroup="r_sci_spi" variant="" vendor="Renesas" version="2.2.0">
      <description>SCI SPI: Provides=[SPI] , Requires=[SCI Common]</description>
      <originalPack>Renesas.Synergy.2.2.0.pack</originalPack>
    </component>
    <component apiversion="" class="Express Logic" condition="" group="all" subgroup="gx" variant="" vendor="Renesas" version="2.2.0">
      <description>Express Logic GUIX: Provides=[GUIX] , Requires=[ThreadX]</description>
      <originalPack>Renesas.Synergy.2.2.0.pack</originalPack>
    </component>
    <component apiversion="" class="Express Logic" condition="" group="all" subgroup="tx" variant="" vendor="Renesas" version="2.2.0">
      <description>Express Logic ThreadX: Provides=[ThreadX]</description>
      <originalPack>Renesas.Synergy.2.2.0.pack</originalPack>
    </component>
    <component apiversion="" class="HAL Drivers" condition="" group="touch panel" subgroup="touch_panel_chip_sx8654" variant="" vendor="Renesas" version="2.2.0">
      <description>TOUCH_PANEL_CHIP_SX8654 Drivers</description>
      <originalPack>Renesas.Synergy_touch_panel_chip_sx8654.2.2.0.pack</originalPack>
    </component>
    <component apiversion="" class="HAL Drivers" condition="" group="all" subgroup="r_gpt" variant="" vendor="Renesas" version="2.2.0">
      <description>General Purpose Timer: Provides=[Timer ,GPT]</description>
      <originalPack>Renesas.Synergy.2.2.0.pack</originalPack>
    </component>
    <component apiversion="" class="HAL Drivers" condition="" group="all" subgroup="r_adc" variant="" vendor="Renesas" version="2.2.0">
      <description>A/D Converter: Provides=[ADC]</description>
      <originalPack>Renesas.Synergy.2.2.0.pack</originalPack>
    </component>
  </synergyComponentSelection>
  <synergyIcuConfiguration/>
  <synergyMessagingConfiguration/>
  <synergyModuleConfiguration>
    <module id="module.driver.cgc_on_cgc.0">
      <property id="module.driver.cgc.name" value="g_cgc"/>
    </module>
    <module id="module.driver.elc_on_elc.0">
      <property id="module.driver.elc.name" value="g_elc"/>
    </module>
    <module id="module.driver.ioport_on_ioport.0">
      <property id="module.driver.ioport.name" value="g_ioport"/>
    </module>
    <module id="module.driver.fmi_on_fmi.0">
      <property id="module.driver.fmi.name" value="g_fmi"/>
    </module>
    <module id="module.framework.sf_touch_panel_v2_on_sf_touch_panel_v2.1607425976">
      <property id="module.framework.sf_touch_panel_v2.name" value="g_sf_touch_panel"/>
      <property id="module.framework.sf_touch_panel_v2.priority" value="3"/>
      <property id="module.framework.sf_touch_panel_v2.update_hz" value="10"/>
      <property id="module.framework.sf_touch_panel_v2.rotation_angle" value="module.framework.sf_touch_panel_v2.rotation_angle.angle0"/>
      <property id="module.framework.sf_touch_panel_v2.init_function" value="sf_touch_panel_init"/>
      <property id="module.framework.sf_touch_panel_v2.init" value="module.framework.sf_touch_panel_v2.init.enable"/>
      <property id="module.framework.sf_touch_panel_v2.auto_start" value="module.framework.sf_touch_panel_v2.auto_start.enable"/>
      <property id="module.framework.sf_touch_panel_v2.callback" value="touch_panel_v2_callback"/>
    </module>
    <module id="module.external.ex_touch_panel_chip_sx8654_on_ex_touch_panel_chip_sx8654.835638284">
      <property id="module.external.ex_touch_panel_chip.name" value="g_touch_panel_chip_sx8654"/>
      <property id="module.external.ex_touch_panel_chip_hsize.hsize_pixels" value="240"/>
      <property id="module.external.ex_touch_panel_chip_vsize.vsize_pixels" value="320"/>
      <property id="module.external.ex_touch_panel_chip_sx8654.port" value="module.external.ex_touch_panel_chip_sx8654.port.PORT_06"/>
      <property id="module.external.ex_touch_panel_chip_sx8654.pin" value="module.external.ex_touch_panel_chip_sx8654.pin.PIN_09"/>
    </module>
    <module id="module.framework.sf_i2c_on_sf_i2c_v2.138060479">
      <property id="module.framework.sf_i2c_v2.name" value="g_sf_i2c_device0"/>
      <property id="module.framework.sf_i2c_v2.slave" value="0x48"/>
      <property id="module.framework.sf_i2c_v2.addr_mode" value="module.framework.sf_i2c_v2.addr_mode.addr_mode_7bit"/>
    </module>
    <module id="module.framework.sf_i2c_bus_on_sf_i2c_v2.677841113">
      <property id="module.framework.sf_i2c_bus_v2.name" value="g_sf_i2c_bus0"/>
    </module>
    <module id="module.framework.sf_external_irq_on_sf_external_irq.268962586">
      <property id="module.framework.sf_external_irq.name" value="g_sf_external_irq0"/>
      <property id="module.framework.sf_external_irq.event" value="module.framework.sf_external_irq.event.button_event_semaphore_put"/>
    </module>
    <module id="module.driver.external_irq_on_icu.14014299">
      <property id="module.driver.external_irq.name" value="g_external_irq0"/>
      <property id="module.driver.external_irq.channel" value="9"/>
      <property id="module.driver.external_irq.trigger" value="module.driver.external_irq.trigger.trig_falling"/>
      <property id="module.driver.external_irq.filter_enable" value="module.driver.external_irq.filter_enable.true"/>
      <property id="module.driver.external_irq.pclk_div" value="module.driver.external_irq.pclk_div.pclk_div_by_64"/>
      <property id="module.driver.external_irq.interrupt_enable" value="module.driver.external_irq.interrupt_enable.true"/>
      <property id="module.driver.external_irq.p_callback" value="NULL"/>
      <property id="module.driver.external_irq.irq_ipl" value="board.icu.common.irq.priority3"/>
    </module>
    <module id="module.driver.i2c_on_riic.317287606">
      <property id="module.driver.i2c.name" value="g_i2"/>
      <property id="module.driver.i2c.channel" value="2"/>
      <property id="module.driver.i2c.rate" value="module.driver.i2c.rate.rate_fast"/>
      <property id="module.driver.i2c.slave" value="0x00"/>
      <property id="module.driver.i2c.addr_mode" value="module.driver.i2c.addr_mode.addr_mode_7bit"/>
      <property id="module.driver.i2c.sda_delay" value="0"/>
      <property id="module.driver.i2c.timeout_mode" value="module.driver.i2c.timeout_mode.short_mode"/>
      <property id="module.driver.i2c.p_callback" value="NULL"/>
      <property id="module.driver.i2c.rxi_ipl" value="board.icu.common.irq.priority3"/>
      <property id="module.driver.i2c.txi_ipl" value="board.icu.common.irq.priority3"/>
      <property id="module.driver.i2c.tei_ipl" value="board.icu.common.irq.priority3"/>
      <property id="module.driver.i2c.eri_ipl" value="board.icu.common.irq.priority3"/>
    </module>
    <module id="module.driver.transfer_on_dtc.1439468443">
      <property id="module.driver.transfer.name" value="g_transfer4"/>
      <property id="module.driver.transfer.mode" value="module.driver.transfer.mode.mode_normal"/>
      <property id="module.driver.transfer.size" value="module.driver.transfer.size.size_2_byte"/>
      <property id="module.driver.transfer.dest_addr_mode" value="module.driver.transfer.dest_addr_mode.addr_mode_fixed"/>
      <property id="module.driver.transfer.src_addr_mode" value="module.driver.transfer.src_addr_mode.addr_mode_fixed"/>
      <property id="module.driver.transfer.repeat_area" value="module.driver.transfer.repeat_area.repeat_area_source"/>
      <property id="module.driver.transfer.interrupt" value="module.driver.transfer.interrupt.interrupt_end"/>
      <property id="module.driver.transfer.p_dest" value="NULL"/>
      <property id="module.driver.transfer.p_src" value="NULL"/>
      <property id="module.driver.transfer.length" value="0"/>
      <property id="module.driver.transfer.num_blocks" value="0"/>
      <property id="module.driver.transfer.activation_source" value="module.driver.transfer.event.event_elc_software_event_0"/>
      <property id="module.driver.transfer.auto_enable" value="module.driver.transfer.auto_enable.true"/>
      <property id="module.driver.transfer.p_callback" value="NULL"/>
      <property id="module.driver.transfer.irq_ipl" value="board.icu.common.irq.disabled"/>
    </module>
    <module id="module.driver.transfer_on_dtc.982575974">
      <property id="module.driver.transfer.name" value="g_transfer5"/>
      <property id="module.driver.transfer.mode" value="module.driver.transfer.mode.mode_normal"/>
      <property id="module.driver.transfer.size" value="module.driver.transfer.size.size_2_byte"/>
      <property id="module.driver.transfer.dest_addr_mode" value="module.driver.transfer.dest_addr_mode.addr_mode_fixed"/>
      <property id="module.driver.transfer.src_addr_mode" value="module.driver.transfer.src_addr_mode.addr_mode_fixed"/>
      <property id="module.driver.transfer.repeat_area" value="module.driver.transfer.repeat_area.repeat_area_source"/>
      <property id="module.driver.transfer.interrupt" value="module.driver.transfer.interrupt.interrupt_end"/>
      <property id="module.driver.transfer.p_dest" value="NULL"/>
      <property id="module.driver.transfer.p_src" value="NULL"/>
      <property id="module.driver.transfer.length" value="0"/>
      <property id="module.driver.transfer.num_blocks" value="0"/>
      <property id="module.driver.transfer.activation_source" value="module.driver.transfer.event.event_elc_software_event_0"/>
      <property id="module.driver.transfer.auto_enable" value="module.driver.transfer.auto_enable.true"/>
      <property id="module.driver.transfer.p_callback" value="NULL"/>
      <property id="module.driver.transfer.irq_ipl" value="board.icu.common.irq.disabled"/>
    </module>
    <module id="module.el.gx.354891653"/>
    <module id="module.framework.sf_el_gx.1771380244">
      <property id="module.framework.sf_el_gx.name" value="g_sf_el_gx"/>
      <property id="module.framework.sf_el_gx.display_cfg_inheritance" value="module.framework.sf_el_gx.display_cfg_inheritance.layer1"/>
      <property id="module.framework.sf_el_gx.p_callback" value="NULL"/>
      <property id="module.framework.sf_el_gx.p_canvas.used" value="module.framework.sf_el_gx.p_canvas.used.false"/>
      <property id="module.framework.sf_el_gx.jpegbuffer_size" value="81920"/>
      <property id="module.framework.sf_el_gx.canvas_section" value="sdram"/>
      <property id="module.framework.sf_el_gx.jpegWB_section" value="bss"/>
      <property id="module.framework.sf_el_gx.dave2d_buffer_cache" value="module.framework.sf_el_gx.dave2d_buffer_cache.enable"/>
    </module>
    <module id="module.driver.display_on_glcd.1789774260">
      <property id="module.driver.display.name" value="g_display"/>
      <property id="module.driver.display.callback" value="NULL"/>
      <property id="module.driver.display.clksrc" value="module.driver.display.clksrc.clk_src_internal"/>
      <property id="module.driver.display.input0.enable" value="module.driver.display.input0.enable"/>
      <property id="module.driver.display.input0.buffer_name" value="fb_background"/>
      <property id="module.driver.display.input0.buffer_number" value="2"/>
      <property id="module.driver.display.input0.section" value="bss"/>
      <property id="module.driver.display.input0.hsize" value="256"/>
      <property id="module.driver.display.input0.vsize" value="320"/>
      <property id="module.driver.display.input0.hstride" value="256"/>
      <property id="module.driver.display.input0.format" value="module.driver.display.input0.format.in_format_16bits_rgb565"/>
      <property id="module.driver.display.input0.line_descending_enable" value="module.driver.display.input0.line_descending_enable.false"/>
      <property id="module.driver.display.input0.lines_repeat_enable" value="module.driver.display.input0.lines_repeat_enable.false"/>
      <property id="module.driver.display.input0.lines_repeat_times" value="0"/>
      <property id="module.driver.display.layer0.coordinate.x" value="0"/>
      <property id="module.driver.display.layer0.coordinate.y" value="0"/>
      <property id="module.driver.display.layer0.color.byte.a" value="255"/>
      <property id="module.driver.display.layer0.color.byte.r" value="255"/>
      <property id="module.driver.display.layer0.color.byte.g" value="255"/>
      <property id="module.driver.display.layer0.color.byte.b" value="255"/>
      <property id="module.driver.display.layer0.fade_control" value="module.driver.display.layer0.fade_control.fade_control_none"/>
      <property id="module.driver.display.layer0.fade_speed" value="0"/>
      <property id="module.driver.display.input1.enable" value="module.driver.display.input1.enable.false"/>
      <property id="module.driver.display.input1.buffer_name" value="fb_foreground"/>
      <property id="module.driver.display.input1.buffer_number" value="2"/>
      <property id="module.driver.display.input1.section" value="sdram"/>
      <property id="module.driver.display.input1.hsize" value="800"/>
      <property id="module.driver.display.input1.vsize" value="480"/>
      <property id="module.driver.display.input1.hstride" value="800"/>
      <property id="module.driver.display.input1.format" value="module.driver.display.input1.format.in_format_16bits_rgb565"/>
      <property id="module.driver.display.input1.line_descending_enable" value="module.driver.display.input1.line_descending_enable.false"/>
      <property id="module.driver.display.input1.lines_repeat_enable" value="module.driver.display.input1.lines_repeat_enable.false"/>
      <property id="module.driver.display.input1.lines_repeat_times" value="0"/>
      <property id="module.driver.display.layer1.coordinate.x" value="0"/>
      <property id="module.driver.display.layer1.coordinate.y" value="0"/>
      <property id="module.driver.display.layer1.color.byte.a" value="255"/>
      <property id="module.driver.display.layer1.color.byte.r" value="255"/>
      <property id="module.driver.display.layer1.color.byte.g" value="255"/>
      <property id="module.driver.display.layer1.color.byte.b" value="255"/>
      <property id="module.driver.display.layer1.fade_control" value="module.driver.display.layer1.fade_control.fade_control_none"/>
      <property id="module.driver.display.layer1.fade_speed" value="0"/>
      <property id="module.driver.display.output.htiming.total_cyc" value="320"/>
      <property id="module.driver.display.output.htiming.display_cyc" value="240"/>
      <property id="module.driver.display.output.htiming.back_porch" value="6"/>
      <property id="module.driver.display.output.htiming.sync_width" value="4"/>
      <property id="module.driver.display.output.htiming.sync_polarity" value="module.driver.display.output.htiming.sync_polarity.signal_polarity_loactive"/>
      <property id="module.driver.display.output.vtiming.total_cyc" value="328"/>
      <property id="module.driver.display.output.vtiming.display_cyc" value="320"/>
      <property id="module.driver.display.output.vtiming.back_porch" value="4"/>
      <property id="module.driver.display.output.vtiming.sync_width" value="4"/>
      <property id="module.driver.display.output.vtiming.sync_polarity" value="module.driver.display.output.vtiming.sync_polarity.signal_polarity_loactive"/>
      <property id="module.driver.display.output.format" value="module.driver.display.output.format.out_format_16bits_rgb565"/>
      <property id="module.driver.display.output.endian" value="module.driver.display.output.endian.endian_little"/>
      <property id="module.driver.display.output.color_order" value="module.driver.display.output.color_order.color_order_rgb"/>
      <property id="module.driver.display.output.data_enable_polarity" value="module.driver.display.output.data_enable_polarity.signal_polarity_hiactive"/>
      <property id="module.driver.display.output.sync_edge" value="module.driver.display.output.sync_edge.signal_sync_edge_rising"/>
      <property id="module.driver.display.output.bg_color.byte.a" value="255"/>
      <property id="module.driver.display.output.bg_color.byte.r" value="0"/>
      <property id="module.driver.display.output.bg_color.byte.g" value="0"/>
      <property id="module.driver.display.output.bg_color.byte.b" value="0"/>
      <property id="module.driver.display.clut.enable" value="module.driver.display.clut.enable.false"/>
      <property id="module.driver.display.clut.size" value="256"/>
      <property id="module.driver.display.tcon_hsync" value="module.driver.display.tcon_hsync.tcon_pin_2"/>
      <property id="module.driver.display.tcon_vsync" value="module.driver.display.tcon_vsync.tcon_pin_1"/>
      <property id="module.driver.display.tcon_de" value="module.driver.display.tcon_de.tcon_pin_0"/>
      <property id="module.driver.display.clock_div_ratio" value="module.driver.display.clock_div_ratio.panel_clk_divisor_32"/>
      <property id="module.driver.display.output.brightness.enable" value="module.driver.display.output.brightness.false"/>
      <property id="module.driver.display.output.brightness.r" value="512"/>
      <property id="module.driver.display.output.brightness.g" value="512"/>
      <property id="module.driver.display.output.brightness.b" value="512"/>
      <property id="module.driver.display.output.contrast.enable" value="module.driver.display.output.contrast.false"/>
      <property id="module.driver.display.output.contrast.r" value="128"/>
      <property id="module.driver.display.output.contrast.g" value="128"/>
      <property id="module.driver.display.output.contrast.b" value="128"/>
      <property id="module.driver.display.output.gamma.r.enable" value="module.driver.display.output.gamma.r.off"/>
      <property id="module.driver.display.output.gamma.r.gain0" value="0"/>
      <property id="module.driver.display.output.gamma.r.gain1" value="0"/>
      <property id="module.driver.display.output.gamma.r.gain2" value="0"/>
      <property id="module.driver.display.output.gamma.r.gain3" value="0"/>
      <property id="module.driver.display.output.gamma.r.gain4" value="0"/>
      <property id="module.driver.display.output.gamma.r.gain5" value="0"/>
      <property id="module.driver.display.output.gamma.r.gain6" value="0"/>
      <property id="module.driver.display.output.gamma.r.gain7" value="0"/>
      <property id="module.driver.display.output.gamma.r.gain8" value="0"/>
      <property id="module.driver.display.output.gamma.r.gain9" value="0"/>
      <property id="module.driver.display.output.gamma.r.gain10" value="0"/>
      <property id="module.driver.display.output.gamma.r.gain11" value="0"/>
      <property id="module.driver.display.output.gamma.r.gain12" value="0"/>
      <property id="module.driver.display.output.gamma.r.gain13" value="0"/>
      <property id="module.driver.display.output.gamma.r.gain14" value="0"/>
      <property id="module.driver.display.output.gamma.r.gain15" value="0"/>
      <property id="module.driver.display.output.gamma.r.threshold0" value="0"/>
      <property id="module.driver.display.output.gamma.r.threshold1" value="0"/>
      <property id="module.driver.display.output.gamma.r.threshold2" value="0"/>
      <property id="module.driver.display.output.gamma.r.threshold3" value="0"/>
      <property id="module.driver.display.output.gamma.r.threshold4" value="0"/>
      <property id="module.driver.display.output.gamma.r.threshold5" value="0"/>
      <property id="module.driver.display.output.gamma.r.threshold6" value="0"/>
      <property id="module.driver.display.output.gamma.r.threshold7" value="0"/>
      <property id="module.driver.display.output.gamma.r.threshold8" value="0"/>
      <property id="module.driver.display.output.gamma.r.threshold9" value="0"/>
      <property id="module.driver.display.output.gamma.r.threshold10" value="0"/>
      <property id="module.driver.display.output.gamma.r.threshold11" value="0"/>
      <property id="module.driver.display.output.gamma.r.threshold12" value="0"/>
      <property id="module.driver.display.output.gamma.r.threshold13" value="0"/>
      <property id="module.driver.display.output.gamma.r.threshold14" value="0"/>
      <property id="module.driver.display.output.gamma.r.threshold15" value="0"/>
      <property id="module.driver.display.output.gamma.g.enable" value="module.driver.display.output.gamma.g.off"/>
      <property id="module.driver.display.output.gamma.g.gain0" value="0"/>
      <property id="module.driver.display.output.gamma.g.gain1" value="0"/>
      <property id="module.driver.display.output.gamma.g.gain2" value="0"/>
      <property id="module.driver.display.output.gamma.g.gain3" value="0"/>
      <property id="module.driver.display.output.gamma.g.gain4" value="0"/>
      <property id="module.driver.display.output.gamma.g.gain5" value="0"/>
      <property id="module.driver.display.output.gamma.g.gain6" value="0"/>
      <property id="module.driver.display.output.gamma.g.gain7" value="0"/>
      <property id="module.driver.display.output.gamma.g.gain8" value="0"/>
      <property id="module.driver.display.output.gamma.g.gain9" value="0"/>
      <property id="module.driver.display.output.gamma.g.gain10" value="0"/>
      <property id="module.driver.display.output.gamma.g.gain11" value="0"/>
      <property id="module.driver.display.output.gamma.g.gain12" value="0"/>
      <property id="module.driver.display.output.gamma.g.gain13" value="0"/>
      <property id="module.driver.display.output.gamma.g.gain14" value="0"/>
      <property id="module.driver.display.output.gamma.g.gain15" value="0"/>
      <property id="module.driver.display.output.gamma.g.threshold0" value="0"/>
      <property id="module.driver.display.output.gamma.g.threshold1" value="0"/>
      <property id="module.driver.display.output.gamma.g.threshold2" value="0"/>
      <property id="module.driver.display.output.gamma.g.threshold3" value="0"/>
      <property id="module.driver.display.output.gamma.g.threshold4" value="0"/>
      <property id="module.driver.display.output.gamma.g.threshold5" value="0"/>
      <property id="module.driver.display.output.gamma.g.threshold6" value="0"/>
      <property id="module.driver.display.output.gamma.g.threshold7" value="0"/>
      <property id="module.driver.display.output.gamma.g.threshold8" value="0"/>
      <property id="module.driver.display.output.gamma.g.threshold9" value="0"/>
      <property id="module.driver.display.output.gamma.g.threshold10" value="0"/>
      <property id="module.driver.display.output.gamma.g.threshold11" value="0"/>
      <property id="module.driver.display.output.gamma.g.threshold12" value="0"/>
      <property id="module.driver.display.output.gamma.g.threshold13" value="0"/>
      <property id="module.driver.display.output.gamma.g.threshold14" value="0"/>
      <property id="module.driver.display.output.gamma.g.threshold15" value="0"/>
      <property id="module.driver.display.output.gamma.b.enable" value="module.driver.display.output.gamma.b.off"/>
      <property id="module.driver.display.output.gamma.b.gain0" value="0"/>
      <property id="module.driver.display.output.gamma.b.gain1" value="0"/>
      <property id="module.driver.display.output.gamma.b.gain2" value="0"/>
      <property id="module.driver.display.output.gamma.b.gain3" value="0"/>
      <property id="module.driver.display.output.gamma.b.gain4" value="0"/>
      <property id="module.driver.display.output.gamma.b.gain5" value="0"/>
      <property id="module.driver.display.output.gamma.b.gain6" value="0"/>
      <property id="module.driver.display.output.gamma.b.gain7" value="0"/>
      <property id="module.driver.display.output.gamma.b.gain8" value="0"/>
      <property id="module.driver.display.output.gamma.b.gain9" value="0"/>
      <property id="module.driver.display.output.gamma.b.gain10" value="0"/>
      <property id="module.driver.display.output.gamma.b.gain11" value="0"/>
      <property id="module.driver.display.output.gamma.b.gain12" value="0"/>
      <property id="module.driver.display.output.gamma.b.gain13" value="0"/>
      <property id="module.driver.display.output.gamma.b.gain14" value="0"/>
      <property id="module.driver.display.output.gamma.b.gain15" value="0"/>
      <property id="module.driver.display.output.gamma.b.threshold0" value="0"/>
      <property id="module.driver.display.output.gamma.b.threshold1" value="0"/>
      <property id="module.driver.display.output.gamma.b.threshold2" value="0"/>
      <property id="module.driver.display.output.gamma.b.threshold3" value="0"/>
      <property id="module.driver.display.output.gamma.b.threshold4" value="0"/>
      <property id="module.driver.display.output.gamma.b.threshold5" value="0"/>
      <property id="module.driver.display.output.gamma.b.threshold6" value="0"/>
      <property id="module.driver.display.output.gamma.b.threshold7" value="0"/>
      <property id="module.driver.display.output.gamma.b.threshold8" value="0"/>
      <property id="module.driver.display.output.gamma.b.threshold9" value="0"/>
      <property id="module.driver.display.output.gamma.b.threshold10" value="0"/>
      <property id="module.driver.display.output.gamma.b.threshold11" value="0"/>
      <property id="module.driver.display.output.gamma.b.threshold12" value="0"/>
      <property id="module.driver.display.output.gamma.b.threshold13" value="0"/>
      <property id="module.driver.display.output.gamma.b.threshold14" value="0"/>
      <property id="module.driver.display.output.gamma.b.threshold15" value="0"/>
      <property id="module.driver.display.output.dithering_on" value="module.driver.display.output.dithering_on.false"/>
      <property id="module.driver.display.dithering_mode" value="module.driver.display.dithering_mode.dithering_mode_trancate"/>
      <property id="module.driver.display.dithering_pattern_A" value="module.driver.display.dithering_pattern_A.dithering_pattern_11"/>
      <property id="module.driver.display.dithering_pattern_B" value="module.driver.display.dithering_pattern_B.dithering_pattern_11"/>
      <property id="module.driver.display.dithering_pattern_C" value="module.driver.display.dithering_pattern_C.dithering_pattern_11"/>
      <property id="module.driver.display.dithering_pattern_D" value="module.driver.display.dithering_pattern_D.dithering_pattern_11"/>
      <property id="module.driver.display.correction_proc_order" value="module.driver.display.correction_proc_order.correction_proc_order_brightness_contrast2gamma"/>
      <property id="module.driver.display.line_detect_ipl" value="board.icu.common.irq.priority3"/>
      <property id="module.driver.display.underflow_1_ipl" value="board.icu.common.irq.priority3"/>
      <property id="module.driver.display.underflow_2_ipl" value="board.icu.common.irq.priority3"/>
    </module>
    <module id="module.framework.sf_jpeg_decode.1188141562">
      <property id="module.framework.sf_jpeg_decode.name" value="g_sf_jpeg_decode0"/>
    </module>
    <module id="module.driver.jpeg_decode.1493190077">
      <property id="module.driver.jpeg_decode.name" value="g_jpeg_decode0"/>
      <property id="module.driver.jpeg_decode.input_data_format" value="module.driver.jpeg_decode.input_data_format.normal"/>
      <property id="module.driver.jpeg_decode.output_data_format" value="module.driver.jpeg_decode.output_data_format.normal"/>
      <property id="module.driver.jpeg_decode.pixel_format" value="module.driver.jpeg_decode.pixel_format.rgb565"/>
      <property id="module.driver.jpeg_decode.alpha_value" value="255"/>
      <property id="module.driver.jpeg_decode.p_callback" value="NULL"/>
      <property id="module.driver.jpeg_decode.jedi_ipl" value="board.icu.common.irq.priority3"/>
      <property id="module.driver.jpeg_decode.jdti_ipl" value="board.icu.common.irq.priority3"/>
    </module>
    <module id="module.framework.tes.dave2d.1148376068"/>
    <module id="module.framework.sf_tes_2d_drw.1633988002"/>
    <module id="module.driver.jpeg_common.2082764980">
      <property id="module.driver.jpeg_common.name" value="g_jpeg_common0"/>
    </module>
    <module id="module.driver.spi_on_sci_spi.209761626">
      <property id="module.driver.spi.name" value="g_spi_lcdc"/>
      <property id="module.driver.spi.channel" value="0"/>
      <property id="module.driver.spi.operating_mode" value="module.driver.spi.operating_mode.mode_master"/>
      <property id="module.driver.spi.clk_phase" value="module.driver.spi.clk_phase.clk_phase_edge_even"/>
      <property id="module.driver.spi.clk_polarity" value="module.driver.spi.clk_polarity.clk_polarity_high"/>
      <property id="module.driver.spi.mode_fault" value="module.driver.spi.mode_fault.mode_fault_error_disable"/>
      <property id="module.driver.spi.bit_order" value="module.driver.spi.bit_order.bit_order_msb_first"/>
      <property id="module.driver.spi.bitrate" value="100000"/>
      <property id="module.driver.spi.bitrate_modulation" value="module.driver.spi.bitrate_modulation.true"/>
      <property id="module.driver.spi.p_callback" value="g_lcd_spi_callback"/>
      <property id="module.driver.spi.rxi_ipl" value="board.icu.common.irq.priority3"/>
      <property id="module.driver.spi.txi_ipl" value="board.icu.common.irq.priority3"/>
      <property id="module.driver.spi.tei_ipl" value="board.icu.common.irq.priority3"/>
      <property id="module.driver.spi.eri_ipl" value="board.icu.common.irq.priority3"/>
    </module>
    <module id="module.driver.timer_on_gpt.334350206">
      <property id="module.driver.timer.name" value="g_timer0"/>
      <property id="module.driver.timer.channel" value="0"/>
      <property id="module.driver.timer.mode" value="module.driver.timer.mode.mode_periodic"/>
      <property id="module.driver.timer.shortest_pwm_signal" value="module.driver.timer.mode.shortest_pwm_signal_disabled"/>
      <property id="module.driver.timer.period" value="400"/>
      <property id="module.driver.timer.unit" value="module.driver.timer.unit.unit_period_msec"/>
      <property id="module.driver.timer.duty_cycle" value="50"/>
      <property id="module.driver.timer.duty_cycle_unit" value="module.driver.timer.duty_cycle_unit.unit_percent"/>
      <property id="module.driver.timer.autostart" value="module.driver.timer.autostart.true"/>
      <property id="module.driver.timer.gtioca_output_enabled" value="module.driver.timer.gtioca_output_enabled.false"/>
      <property id="module.driver.timer.gtioca_stop_level" value="module.driver.timer.gtioca_stop_level.pin_level_low"/>
      <property id="module.driver.timer.gtiocb_output_enabled" value="module.driver.timer.gtiocb_output_enabled.false"/>
      <property id="module.driver.timer.gtiocb_stop_level" value="module.driver.timer.gtiocb_stop_level.pin_level_low"/>
      <property id="module.driver.timer.p_callback" value="timer0Callback"/>
      <property id="module.driver.timer.irq_ipl" value="board.icu.common.irq.priority2"/>
    </module>
    <module id="module.driver.adc_on_adc.1376179162">
      <property id="module.driver.adc.name" value="g_adc0"/>
      <property id="module.driver.adc.unit" value="module.driver.adc.unit.unit0"/>
      <property id="module.driver.adc.resolution" value="module.driver.adc.resolution.resolution_10_bit"/>
      <property id="module.driver.adc.alignment" value="module.driver.adc.alignment.alignment_right"/>
      <property id="module.driver.adc.clearing" value="module.driver.adc.clearing.clear_after_read_off"/>
      <property id="module.driver.adc.mode" value="module.driver.adc.mode.mode_continuous_scan"/>
      <property id="module.driver.adc.skip_internal_calibration" value="module.driver.adc.skip_internal_calibration.skip_internal_calibration_false"/>
      <property id="module.driver.adc.scan_mask" value="module.driver.adc.scan_mask.default"/>
      <property id="module.driver.adc.channel_0" value="module.driver.adc.channel_0.used"/>
      <property id="module.driver.adc.channel_1" value="module.driver.adc.scan_mask.channel_1.unused"/>
      <property id="module.driver.adc.channel_2" value="module.driver.adc.scan_mask.channel_2.unused"/>
      <property id="module.driver.adc.channel_3" value="module.driver.adc.scan_mask.channel_3.unused"/>
      <property id="module.driver.adc.channel_4" value="module.driver.adc.scan_mask.channel_4.unused"/>
      <property id="module.driver.adc.channel_5" value="module.driver.adc.scan_mask.channel_5.unused"/>
      <property id="module.driver.adc.channel_6" value="module.driver.adc.scan_mask.channel_6.unused"/>
      <property id="module.driver.adc.channel_7" value="module.driver.adc.scan_mask.channel_7.unused"/>
      <property id="module.driver.adc.channel_8" value="module.driver.adc.scan_mask.channel_8.unused"/>
      <property id="module.driver.adc.channel_9" value="module.driver.adc.scan_mask.channel_9.unused"/>
      <property id="module.driver.adc.channel_10" value="module.driver.adc.scan_mask.channel_10.unused"/>
      <property id="module.driver.adc.channel_11" value="module.driver.adc.scan_mask.channel_11.unused"/>
      <property id="module.driver.adc.channel_12" value="module.driver.adc.scan_mask.channel_12.unused"/>
      <property id="module.driver.adc.channel_13" value="module.driver.adc.scan_mask.channel_13.unused"/>
      <property id="module.driver.adc.channel_14" value="module.driver.adc.scan_mask.channel_14.unused"/>
      <property id="module.driver.adc.channel_15" value="module.driver.adc.scan_mask.channel_15.unused"/>
      <property id="module.driver.adc.channel_16" value="module.driver.adc.scan_mask.channel_16.unused"/>
      <property id="module.driver.adc.channel_17" value="module.driver.adc.scan_mask.channel_17.unused"/>
      <property id="module.driver.adc.channel_18" value="module.driver.adc.scan_mask.channel_18.unused"/>
      <property id="module.driver.adc.channel_19" value="module.driver.adc.scan_mask.channel_19.unused"/>
      <property id="module.driver.adc.channel_20" value="module.driver.adc.scan_mask.channel_20.unused"/>
      <property id="module.driver.adc.channel_21" value="module.driver.adc.scan_mask.channel_21.unused"/>
      <property id="module.driver.adc.channel_22" value="module.driver.adc.scan_mask.channel_22.unused"/>
      <property id="module.driver.adc.channel_23" value="module.driver.adc.scan_mask.channel_23.unused"/>
      <property id="module.driver.adc.channel_24" value="module.driver.adc.scan_mask.channel_24.unused"/>
      <property id="module.driver.adc.channel_25" value="module.driver.adc.scan_mask.channel_25.unused"/>
      <property id="module.driver.adc.channel_26" value="module.driver.adc.scan_mask.channel_26.unused"/>
      <property id="module.driver.adc.channel_27" value="module.driver.adc.scan_mask.channel_27.unused"/>
      <property id="module.driver.adc.channel_temperature" value="module.driver.adc.scan_mask.temperature.unused"/>
      <property id="module.driver.adc.channel_voltage" value="module.driver.adc.scan_mask.channel_voltage.unused"/>
      <property id="module.driver.adc.trigger" value="module.driver.adc.trigger.trigger_software"/>
      <property id="module.driver.adc.trigger_group_b" value="module.driver.adc.trigger_group_b.trigger_sync_elc"/>
      <property id="module.driver.adc.priority_group_a" value="module.driver.adc.priority_group_a.group_a_priority_off"/>
      <property id="module.driver.adc.add_average_count" value="module.driver.adc.add_average_count.add_two"/>
      <property id="module.driver.adc.add_mask" value="module.driver.adc.add_mask.default"/>
      <property id="module.driver.adc.add_mask.channel_0" value="module.driver.adc.add_mask.channel_0.used"/>
      <property id="module.driver.adc.add_mask.channel_1" value="module.driver.adc.add_mask.channel_1.unused"/>
      <property id="module.driver.adc.add_mask.channel_2" value="module.driver.adc.add_mask.channel_2.unused"/>
      <property id="module.driver.adc.add_mask.channel_3" value="module.driver.adc.add_mask.channel_3.unused"/>
      <property id="module.driver.adc.add_mask.channel_4" value="module.driver.adc.add_mask.channel_4.unused"/>
      <property id="module.driver.adc.add_mask.channel_5" value="module.driver.adc.add_mask.channel_5.unused"/>
      <property id="module.driver.adc.add_mask.channel_6" value="module.driver.adc.add_mask.channel_6.unused"/>
      <property id="module.driver.adc.add_mask.channel_7" value="module.driver.adc.add_mask.channel_7.unused"/>
      <property id="module.driver.adc.add_mask.channel_8" value="module.driver.adc.add_mask.channel_8.unused"/>
      <property id="module.driver.adc.add_mask.channel_9" value="module.driver.adc.add_mask.channel_9.unused"/>
      <property id="module.driver.adc.add_mask.channel_10" value="module.driver.adc.add_mask.channel_10.unused"/>
      <property id="module.driver.adc.add_mask.channel_11" value="module.driver.adc.add_mask.channel_11.unused"/>
      <property id="module.driver.adc.add_mask.channel_12" value="module.driver.adc.add_mask.channel_12.unused"/>
      <property id="module.driver.adc.add_mask.channel_13" value="module.driver.adc.add_mask.channel_13.unused"/>
      <property id="module.driver.adc.add_mask.channel_14" value="module.driver.adc.add_mask.channel_14.unused"/>
      <property id="module.driver.adc.add_mask.channel_15" value="module.driver.adc.add_mask.channel_15.unused"/>
      <property id="module.driver.adc.add_mask.channel_16" value="module.driver.adc.add_mask.channel_16.unused"/>
      <property id="module.driver.adc.add_mask.channel_17" value="module.driver.adc.add_mask.channel_17.unused"/>
      <property id="module.driver.adc.add_mask.channel_18" value="module.driver.adc.add_mask.channel_18.unused"/>
      <property id="module.driver.adc.add_mask.channel_19" value="module.driver.adc.add_mask.channel_19.unused"/>
      <property id="module.driver.adc.add_mask.channel_20" value="module.driver.adc.add_mask.channel_20.unused"/>
      <property id="module.driver.adc.add_mask.channel_21" value="module.driver.adc.add_mask.channel_21.unused"/>
      <property id="module.driver.adc.add_mask.channel_22" value="module.driver.adc.add_mask.channel_22.unused"/>
      <property id="module.driver.adc.add_mask.channel_23" value="module.driver.adc.add_mask.channel_23.unused"/>
      <property id="module.driver.adc.add_mask.channel_24" value="module.driver.adc.add_mask.channel_24.unused"/>
      <property id="module.driver.adc.add_mask.channel_25" value="module.driver.adc.add_mask.channel_25.unused"/>
      <property id="module.driver.adc.add_mask.channel_26" value="module.driver.adc.add_mask.channel_26.unused"/>
      <property id="module.driver.adc.add_mask.channel_27" value="module.driver.adc.add_mask.channel_27.unused"/>
      <property id="module.driver.adc.add_mask.channel_temperature" value="module.driver.adc.add_mask.channel_temperature.unused"/>
      <property id="module.driver.adc.add_mask.channel_voltage" value="module.driver.adc.add_mask.channel_voltage.unused"/>
      <property id="module.driver.adc.sample_hold_mask" value="module.driver.adc.sample_hold_mask.default"/>
      <property id="module.driver.adc.sample_hold_mask.channel_0" value="module.driver.adc.sample_hold_mask.channel_0.unused"/>
      <property id="module.driver.adc.sample_hold_mask.channel_1" value="module.driver.adc.sample_hold_mask.channel_1.unused"/>
      <property id="module.driver.adc.sample_hold_mask.channel_2" value="module.driver.adc.sample_hold_mask.channel_2.unused"/>
      <property id="module.driver.adc.sample_hold_states" value="24"/>
      <property id="module.driver.adc.p_callback" value="NULL"/>
      <property id="module.driver.adc.scan_end_ipl" value="board.icu.common.irq.disabled"/>
      <property id="module.driver.adc.scan_end_b_ipl" value="board.icu.common.irq.disabled"/>
      <property id="module.driver.adc.voltage_ref" value="module.driver.adc.voltage_ref.int3"/>
      <property id="module.driver.adc.over_current" value="module.driver.adc.over_current.enable"/>
      <property id="module.driver.adc.pga" value="module.driver.adc.pga.default"/>
      <property id="module.driver.adc.pga0" value="module.driver.adc.pga.disabled"/>
      <property id="module.driver.adc.pga1" value="module.driver.adc.pga.disabled"/>
      <property id="module.driver.adc.pga2" value="module.driver.adc.pga.disabled"/>
    </module>
    <module id="module.driver.timer_on_gpt.1965110256">
      <property id="module.driver.timer.name" value="g_timer1"/>
      <property id="module.driver.timer.channel" value="1"/>
      <property id="module.driver.timer.mode" value="module.driver.timer.mode.mode_periodic"/>
      <property id="module.driver.timer.shortest_pwm_signal" value="module.driver.timer.mode.shortest_pwm_signal_disabled"/>
      <property id="module.driver.timer.period" value="5"/>
      <property id="module.driver.timer.unit" value="module.driver.timer.unit.unit_period_sec"/>
      <property id="module.driver.timer.duty_cycle" value="50"/>
      <property id="module.driver.timer.duty_cycle_unit" value="module.driver.timer.duty_cycle_unit.unit_percent"/>
      <property id="module.driver.timer.autostart" value="module.driver.timer.autostart.true"/>
      <property id="module.driver.timer.gtioca_output_enabled" value="module.driver.timer.gtioca_output_enabled.false"/>
      <property id="module.driver.timer.gtioca_stop_level" value="module.driver.timer.gtioca_stop_level.pin_level_low"/>
      <property id="module.driver.timer.gtiocb_output_enabled" value="module.driver.timer.gtiocb_output_enabled.false"/>
      <property id="module.driver.timer.gtiocb_stop_level" value="module.driver.timer.gtiocb_stop_level.pin_level_low"/>
      <property id="module.driver.timer.p_callback" value="timer1Callback"/>
      <property id="module.driver.timer.irq_ipl" value="board.icu.common.irq.priority2"/>
    </module>
    <context id="_hal.0">
      <stack module="module.driver.ioport_on_ioport.0"/>
      <stack module="module.driver.cgc_on_cgc.0"/>
      <stack module="module.driver.elc_on_elc.0"/>
      <stack module="module.driver.fmi_on_fmi.0"/>
    </context>
    <context id="rtos.threadx.thread.1850466344">
      <property id="_symbol" value="lcd_thread"/>
      <property id="rtos.threadx.thread.name" value="LCD Thread"/>
      <property id="rtos.threadx.thread.stack" value="2048"/>
      <property id="rtos.threadx.thread.priority" value="1"/>
      <property id="rtos.threadx.thread.autostart" value="rtos.threadx.thread.autostart.enabled"/>
      <property id="rtos.threadx.thread.timeslice" value="10"/>
      <stack module="module.framework.sf_touch_panel_v2_on_sf_touch_panel_v2.1607425976">
        <stack module="module.external.ex_touch_panel_chip_sx8654_on_ex_touch_panel_chip_sx8654.835638284" requires="module.framework.sf_touch_panel_v2_on_sf_touch_panel_v2.requires.ex_touch_chip">
          <stack module="module.framework.sf_i2c_on_sf_i2c_v2.138060479" requires="module.external.ex_touch_panel_chip_sx8654.requires.i2c">
            <stack module="module.framework.sf_i2c_bus_on_sf_i2c_v2.677841113" requires="module.framework.sf_i2c_on_sf_i2c.requires.sf_i2c_bus_v2">
              <stack module="module.driver.i2c_on_riic.317287606" requires="module.framework.sf_i2c_on_sf_i2c.requires.i2c">
                <stack module="module.driver.transfer_on_dtc.1439468443" requires="module.driver.i2c_on_riic.requires.transfer_tx"/>
                <stack module="module.driver.transfer_on_dtc.982575974" requires="module.driver.i2c_on_riic.requires.transfer_rx"/>
              </stack>
            </stack>
          </stack>
          <stack module="module.framework.sf_external_irq_on_sf_external_irq.268962586" requires="module.external.ex_touch_panel_chip_sx8654.requires.sf_external_irq">
            <stack module="module.driver.external_irq_on_icu.14014299" requires="module.framework.sf_external_irq_on_sf_external_irq.requires.external_irq"/>
          </stack>
        </stack>
      </stack>
      <stack module="module.el.gx.354891653">
        <stack module="module.framework.sf_el_gx.1771380244" requires="module.el.gx.requires.sf_el_gx">
          <stack module="module.driver.display_on_glcd.1789774260" requires="module.framework.sf_el_gx.requires.display"/>
          <stack module="module.framework.sf_jpeg_decode.1188141562" requires="module.framework.sf_el_gx.requires.sf_jpeg_decode">
            <stack module="module.driver.jpeg_decode.1493190077" requires="module.framework.sf_jpeg_decode.requires.jpeg_decode">
              <stack module="module.driver.jpeg_common.2082764980" requires="module.driver.jpeg_decode_on_jpeg_decode.requires.jpeg_common"/>
            </stack>
          </stack>
          <stack module="module.framework.tes.dave2d.1148376068" requires="module.framework.sf_el_gx.requires.tes.dave2d">
            <stack module="module.framework.sf_tes_2d_drw.1633988002" requires="module.framework.tes.dave2d.requires.sf_tes_2d_drw"/>
          </stack>
        </stack>
      </stack>
      <stack module="module.driver.spi_on_sci_spi.209761626"/>
      <stack module="module.driver.timer_on_gpt.334350206"/>
      <object id="rtos.threadx.object.semaphore.1260446419">
        <property id="rtos.threadx.object.semaphore.name" value="Main Semaphore"/>
        <property id="rtos.threadx.object.semaphore.symbol" value="g_main_semaphore_lcdc"/>
        <property id="rtos.threadx.object.semaphore.count" value="0"/>
      </object>
      <object id="rtos.threadx.object.flags.266313657">
        <property id="rtos.threadx.object.flags.name" value="New Event Flags"/>
        <property id="rtos.threadx.object.flags.symbol" value="g_touch_event_flags"/>
      </object>
      <object id="rtos.threadx.object.queue.504807458">
        <property id="rtos.threadx.object.queue.name" value="LCD out Queue"/>
        <property id="rtos.threadx.object.queue.symbol" value="lcd_out_queue"/>
        <property id="rtos.threadx.object.queue.msg_size" value="1"/>
        <property id="rtos.threadx.object.queue.queue_size" value="500"/>
      </object>
      <object id="rtos.threadx.object.queue.196914087">
        <property id="rtos.threadx.object.queue.name" value="LCD in Queue"/>
        <property id="rtos.threadx.object.queue.symbol" value="lcd_in_queue"/>
        <property id="rtos.threadx.object.queue.msg_size" value="2"/>
        <property id="rtos.threadx.object.queue.queue_size" value="200"/>
      </object>
    </context>
    <context id="rtos.threadx.thread.1974825999">
      <property id="_symbol" value="loop_principal"/>
      <property id="rtos.threadx.thread.name" value="Loop principal"/>
      <property id="rtos.threadx.thread.stack" value="1024"/>
      <property id="rtos.threadx.thread.priority" value="1"/>
      <property id="rtos.threadx.thread.autostart" value="rtos.threadx.thread.autostart.enabled"/>
      <property id="rtos.threadx.thread.timeslice" value="1"/>
      <stack module="module.driver.adc_on_adc.1376179162"/>
      <stack module="module.driver.timer_on_gpt.1965110256"/>
    </context>
    <context id="rtos.threadx.thread.2137886750">
      <property id="_symbol" value="Controle_valvula"/>
      <property id="rtos.threadx.thread.name" value="Controle de valvula"/>
      <property id="rtos.threadx.thread.stack" value="1024"/>
      <property id="rtos.threadx.thread.priority" value="1"/>
      <property id="rtos.threadx.thread.autostart" value="rtos.threadx.thread.autostart.enabled"/>
      <property id="rtos.threadx.thread.timeslice" value="1"/>
      <object id="rtos.threadx.object.queue.1011273778">
        <property id="rtos.threadx.object.queue.name" value="Valvula queue"/>
        <property id="rtos.threadx.object.queue.symbol" value="valvula_queue"/>
        <property id="rtos.threadx.object.queue.msg_size" value="2"/>
        <property id="rtos.threadx.object.queue.queue_size" value="200"/>
      </object>
    </context>
    <context id="rtos.threadx.thread.2136888066">
      <property id="_symbol" value="Controle_saida"/>
      <property id="rtos.threadx.thread.name" value="Controle de saida"/>
      <property id="rtos.threadx.thread.stack" value="1024"/>
      <property id="rtos.threadx.thread.priority" value="1"/>
      <property id="rtos.threadx.thread.autostart" value="rtos.threadx.thread.autostart.enabled"/>
      <property id="rtos.threadx.thread.timeslice" value="1"/>
      <object id="rtos.threadx.object.queue.1761024873">
        <property id="rtos.threadx.object.queue.name" value="Saida queue"/>
        <property id="rtos.threadx.object.queue.symbol" value="saida_queue"/>
        <property id="rtos.threadx.object.queue.msg_size" value="1"/>
        <property id="rtos.threadx.object.queue.queue_size" value="200"/>
      </object>
    </context>
    <config id="config.driver.jpeg_decode">
      <property id="config.driver.jpeg_decode.param_checking_enable" value="config.driver.jpeg_decode.param_checking_enable.bsp"/>
    </config>
    <config id="config.driver.glcd">
      <property id="config.driver.glcd.param_checking_enable" value="config.driver.glcd.param_checking_enable.bsp"/>
    </config>
    <config id="config.driver.cgc">
      <property id="config.driver.cgc.param_checking_enable" value="config.driver.cgc.param_checking_enable.bsp"/>
      <property id="config.driver.cgc.main_osc_wait" value="config.driver.cgc.main_osc_wait.wait_547"/>
      <property id="config.driver.cgc.main_osc_clock_source" value="config.driver.cgc.main_osc_clock_source.crystal"/>
      <property id="config.driver.cgc.subclock_drive" value="config.driver.cgc.subclock_drive.standard"/>
      <property id="config.driver.cgc.subclock_at_reset_enable" value="config.driver.cgc.subclock_at_reset_enable.enabled"/>
      <property id="config.driver.cgc.low_voltage_mode" value="config.driver.cgc.low_voltage_mode.disabled"/>
    </config>
    <config id="config.driver.ioport">
      <property id="config.driver.ioport.checking" value="config.driver.ioport.checking.system"/>
    </config>
    <config id="config.threadx.thread"/>
    <config id="config.framework.sf_touch_panel_v2">
      <property id="config.framework.sf_touch_panel_v2.param_checking_enable" value="config.framework.sf_touch_panel_v2.param_checking_enable.bsp"/>
      <property id="config.framework.sf_touch_panel_v2.thread_stack_size" value="512"/>
    </config>
    <config id="config.driver.adc">
      <property id="config.driver.adc.param_checking_enable" value="config.driver.adc.param_checking_enable.enabled"/>
    </config>
    <config id="config.driver.riic">
      <property id="config.driver.riic.param_checking_enable" value="config.driver.riic.param_checking_enable.enabled"/>
    </config>
    <config id="config.driver.gpt">
      <property id="config.driver.gpt.param_checking_enable" value="config.driver.gpt.param_checking_enable.bsp"/>
    </config>
    <config id="config.framework.sf_i2c">
      <property id="config.framework.sf_i2c.param_checking_enable" value="config.framework.sf_i2c.param_checking_enable.enabled"/>
    </config>
    <config id="config.framework.sf_i2c_v2">
      <property id="config.framework.sf_i2c_v2.param_checking_enable" value="config.framework.sf_i2c_v2.param_checking_enable.enabled"/>
    </config>
    <config id="config.driver.icu">
      <property id="config.driver.icu.param_checking_enable" value="config.driver.icu.param_checking_enable.enabled"/>
    </config>
    <config id="config.driver.fmi">
      <property id="config.driver.fmi.param_checking_enable" value="config.driver.fmi.param_checking_enable.bsp"/>
      <property id="config.driver.fmi.custom_base_address_symbol" value="g_fmi_data"/>
      <property id="config.driver.fmi.part_number_mask" value="0xFE00"/>
    </config>
    <config id="config.el.gx">
      <property id="config.el.gx.enable_synergy_drw" value="config.el.gx.enable_synergy_drw.yes"/>
      <property id="config.el.gx.enable_synergy_jpeg" value="config.el.gx.enable_synergy_jpeg.yes"/>
      <property id="config.el.gx.enable_gui_legacy_api" value="config.el.gx.enable_gui_legacy_api.yes"/>
    </config>
    <config id="config.driver.elc">
      <property id="config.driver.elc.checking" value="config.driver.elc.checking.system"/>
    </config>
    <config id="config.framework.sf_tes_2d_drw">
      <property id="module.framework.sf_tes_2d_drw.work_memory_size" value="32768"/>
      <property id="config.framework.sf_tes_2d_drw.irq_ipl" value="board.icu.common.irq.priority3"/>
    </config>
    <config id="config.framework.sf_external_irq">
      <property id="config.framework.sf_external_irq.param_checking_enable" value="config.framework.sf_external_irq.param_checking_enable.enabled"/>
    </config>
    <config id="config.framework.sf_jpeg_decode">
      <property id="config.framework.sf_jpeg_decode.param_checking_enable" value="config.framework.sf_jpeg_decode.param_checking_enable.bsp"/>
    </config>
    <config id="config.driver.sci_spi">
      <property id="config.driver.sci_spi.param_checking_enable" value="config.driver.sci_spi.param_checking_enable.bsp"/>
    </config>
    <config id="config.driver.dtc">
      <property id="config.driver.dtc.param_checking_enable" value="config.driver.dtc.param_checking_enable.bsp"/>
      <property id="config.driver.dtc.software_start" value="config.driver.dtc.software_start.disabled"/>
      <property id="config.driver.dtc.vector_table" value=".ssp_dtc_vector_table"/>
    </config>
    <config id="config.framework.sf_el_gx">
      <property id="config.framework.sf_el_gx.param_checking_enable" value="config.framework.sf_el_gx.param_checking_enable.bsp"/>
    </config>
  </synergyModuleConfiguration>
  <synergyPinConfiguration>
    <pincfg active="true" name="S7G2-SK.pincfg" symbol="g_bsp_pin_cfg"/>
  </synergyPinConfiguration>
</synergyConfiguration>
